attack_cat,qfs_index,selection_algorithm_name,QUBO_solver,target_feature_k,device,graph_time,train_time,test_time,accuracy,bal_accuracy,f1_malicious,precision_malicious,recall_malicious
full,1650,QUBOCorrelation,SimulatedAnnealing,13,2×GPU,0,253.33,165.2569,0.99027,0.98377,0.9617,0.94865,0.97511
full,1663,QUBOCorrelation,SimulatedAnnealing,26,2×GPU,0,329.55,166.4754,0.99337,0.98166,0.97336,0.98081,0.96602
full,1676,QUBOCorrelation,SimulatedAnnealing,39,2×GPU,0,363.06,165.8313,0.99343,0.98171,0.97356,0.98116,0.96608
full,1702,QUBOCorrelation,SteepestDescent,13,2×GPU,0,257.97,165.5537,0.99156,0.97868,0.96616,0.97086,0.9615
full,1715,QUBOCorrelation,SteepestDescent,26,2×GPU,0,328.03,165.2928,0.99375,0.98286,0.97491,0.98157,0.96833
full,1728,QUBOCorrelation,SteepestDescent,39,2×GPU,0,363.28,165.534,0.99343,0.98171,0.97356,0.98116,0.96608
full,1754,QUBOCorrelation,TabuSampler,13,2×GPU,0,342.94,165.6407,0.9932,0.98162,0.97267,0.97927,0.96616
full,1767,QUBOCorrelation,TabuSampler,26,2×GPU,0,367.28,166.1299,0.99321,0.98166,0.97274,0.97932,0.96625
full,1780,QUBOCorrelation,TabuSampler,39,2×GPU,0,404.59,165.3754,0.99445,0.98353,0.97767,0.98654,0.96895
full,1806,QUBOMutualInformation,SimulatedAnnealing,13,2×GPU,0,245.0,165.9133,0.99292,0.98246,0.97164,0.97478,0.96852
full,1819,QUBOMutualInformation,SimulatedAnnealing,26,2×GPU,0,290.43,165.6703,0.9944,0.98339,0.97744,0.98633,0.96871
full,1832,QUBOMutualInformation,SimulatedAnnealing,39,2×GPU,0,382.59,165.2559,0.99438,0.98347,0.97737,0.98598,0.96891
full,1858,QUBOMutualInformation,SteepestDescent,13,2×GPU,0,244.97,164.9355,0.99292,0.98246,0.97164,0.97478,0.96852
full,1871,QUBOMutualInformation,SteepestDescent,26,2×GPU,0,290.46,165.9632,0.9944,0.98339,0.97744,0.98633,0.96871
full,1884,QUBOMutualInformation,SteepestDescent,39,2×GPU,0,324.59,167.4895,0.99438,0.98337,0.97736,0.98618,0.96868
full,1910,QUBOMutualInformation,TabuSampler,13,2×GPU,0,414.53,165.8147,0.9944,0.98347,0.97745,0.98617,0.96889
full,1923,QUBOMutualInformation,TabuSampler,26,2×GPU,0,414.79,166.77,0.9944,0.98347,0.97745,0.98617,0.96889
full,1936,QUBOMutualInformation,TabuSampler,39,2×GPU,0,414.98,165.7098,0.9944,0.98347,0.97745,0.98617,0.96889
full,1962,QUBOSVCBoosting,SimulatedAnnealing,13,2×GPU,0,182.77,164.1987,0.98795,0.98232,0.95301,0.93217,0.9748
full,1975,QUBOSVCBoosting,SimulatedAnnealing,26,2×GPU,0,222.81,165.9958,0.99331,0.98196,0.97315,0.97957,0.96681
full,1988,QUBOSVCBoosting,SimulatedAnnealing,39,2×GPU,0,289.1,164.1938,0.99345,0.98235,0.9737,0.97996,0.96753
full,2014,QUBOSVCBoosting,SteepestDescent,13,2×GPU,0,226.74,166.3652,0.99146,0.98167,0.96601,0.96343,0.9686
full,2027,QUBOSVCBoosting,SteepestDescent,26,2×GPU,0,285.67,165.2354,0.99184,0.97907,0.96728,0.97258,0.96203
full,2040,QUBOSVCBoosting,SteepestDescent,39,2×GPU,0,315.78,165.6687,0.99281,0.98189,0.97119,0.9751,0.96732
full,2066,QUBOSVCBoosting,TabuSampler,13,2×GPU,0,215.53,165.5024,0.99092,0.97612,0.96349,0.97071,0.95637
full,2079,QUBOSVCBoosting,TabuSampler,26,2×GPU,0,293.77,165.8737,0.99356,0.9823,0.97411,0.98104,0.96728
full,2092,QUBOSVCBoosting,TabuSampler,39,2×GPU,0,370.63,166.1335,0.99421,0.9833,0.97672,0.98482,0.96875
dos,758,QUBOCorrelation,SimulatedAnnealing,12,2×GPU,0,36.49,23.007,0.9952,0.96393,0.94852,0.96846,0.92938
dos,770,QUBOCorrelation,SimulatedAnnealing,24,2×GPU,0,42.15,22.8574,0.99654,0.97302,0.96303,0.97957,0.94704
dos,782,QUBOCorrelation,SimulatedAnnealing,36,2×GPU,0,44.64,23.1475,0.99678,0.97575,0.96569,0.97926,0.9525
dos,806,QUBOCorrelation,SteepestDescent,12,2×GPU,0,36.48,22.7857,0.9952,0.96393,0.94852,0.96846,0.92938
dos,818,QUBOCorrelation,SteepestDescent,24,2×GPU,0,42.14,22.9708,0.9966,0.97266,0.96361,0.98168,0.9462
dos,830,QUBOCorrelation,SteepestDescent,36,2×GPU,0,44.61,22.9669,0.99678,0.97575,0.96569,0.97926,0.9525
dos,854,QUBOCorrelation,TabuSampler,12,2×GPU,0,42.61,23.1323,0.9977,0.98481,0.9757,0.98088,0.97058
dos,866,QUBOCorrelation,TabuSampler,24,2×GPU,0,45.16,23.1304,0.99846,0.9926,0.98385,0.98159,0.98613
dos,878,QUBOCorrelation,TabuSampler,36,2×GPU,0,47.32,22.8678,0.99866,0.99351,0.98595,0.98409,0.98781
dos,902,QUBOMutualInformation,SimulatedAnnealing,12,2×GPU,0,32.24,22.7751,0.99654,0.98161,0.96369,0.96228,0.96511
dos,914,QUBOMutualInformation,SimulatedAnnealing,24,2×GPU,0,34.95,22.9574,0.99868,0.99412,0.98617,0.98328,0.98907
dos,926,QUBOMutualInformation,SimulatedAnnealing,36,2×GPU,0,44.22,22.9795,0.99878,0.99437,0.98721,0.98494,0.98949
dos,950,QUBOMutualInformation,SteepestDescent,12,2×GPU,0,32.02,22.8668,0.99654,0.98161,0.96369,0.96228,0.96511
dos,962,QUBOMutualInformation,SteepestDescent,24,2×GPU,0,34.99,22.8754,0.99868,0.99412,0.98617,0.98328,0.98907
dos,974,QUBOMutualInformation,SteepestDescent,36,2×GPU,0,44.28,23.194,0.9988,0.99458,0.98742,0.98494,0.98991
dos,998,QUBOMutualInformation,TabuSampler,12,2×GPU,0,48.05,22.9361,0.99876,0.99436,0.987,0.98453,0.98949
dos,1010,QUBOMutualInformation,TabuSampler,24,2×GPU,0,48.12,22.8728,0.99876,0.99436,0.987,0.98453,0.98949
dos,1022,QUBOMutualInformation,TabuSampler,36,2×GPU,0,48.11,22.9668,0.99876,0.99436,0.987,0.98453,0.98949
dos,1046,QUBOSVCBoosting,SimulatedAnnealing,12,2×GPU,0,30.76,22.6636,0.99778,0.98486,0.97653,0.98255,0.97058
dos,1058,QUBOSVCBoosting,SimulatedAnnealing,24,2×GPU,0,38.07,23.0682,0.99616,0.97262,0.95911,0.97195,0.94662
dos,1070,QUBOSVCBoosting,SimulatedAnnealing,36,2×GPU,0,41.59,23.0123,0.99612,0.97181,0.95864,0.97274,0.94493
dos,1094,QUBOSVCBoosting,SteepestDescent,12,2×GPU,0,36.42,22.59,0.99425,0.96164,0.93882,0.95242,0.9256
dos,1106,QUBOSVCBoosting,SteepestDescent,24,2×GPU,0,39.06,22.6667,0.99425,0.96164,0.93882,0.95242,0.9256
dos,1118,QUBOSVCBoosting,SteepestDescent,36,2×GPU,0,42.45,23.2345,0.99852,0.99144,0.98443,0.98526,0.98361
dos,1142,QUBOSVCBoosting,TabuSampler,12,2×GPU,0,30.48,22.8576,0.99624,0.98604,0.96104,0.94769,0.97478
dos,1154,QUBOSVCBoosting,TabuSampler,24,2×GPU,0,40.1,23.115,0.99766,0.98599,0.97535,0.97762,0.9731
dos,1166,QUBOSVCBoosting,TabuSampler,36,2×GPU,0,46.37,23.0031,0.9985,0.99123,0.98422,0.98526,0.98319
fuzzers,2116,QUBOCorrelation,SimulatedAnnealing,11,2×GPU,0,38.1,30.2438,0.9889,0.99314,0.89542,0.81209,0.99782
fuzzers,2127,QUBOCorrelation,SimulatedAnnealing,22,2×GPU,0,43.89,30.2437,0.9893,0.99009,0.89819,0.82131,0.99095
fuzzers,2138,QUBOCorrelation,SimulatedAnnealing,33,2×GPU,0,46.68,30.2598,0.98935,0.98966,0.89849,0.82245,0.99002
fuzzers,2159,QUBOCorrelation,SteepestDescent,11,2×GPU,0,38.42,31.1552,0.98892,0.99314,0.89555,0.81229,0.99782
fuzzers,2170,QUBOCorrelation,SteepestDescent,22,2×GPU,0,44.05,30.4115,0.98896,0.9908,0.89546,0.81548,0.99282
fuzzers,2181,QUBOCorrelation,SteepestDescent,33,2×GPU,0,46.58,30.366,0.98924,0.98768,0.89722,0.82313,0.98596
fuzzers,2202,QUBOCorrelation,TabuSampler,11,2×GPU,0,45.55,30.3754,0.98947,0.99299,0.90013,0.82049,0.99688
fuzzers,2213,QUBOCorrelation,TabuSampler,22,2×GPU,0,48.38,30.8319,0.98947,0.98721,0.89902,0.82704,0.98471
fuzzers,2224,QUBOCorrelation,TabuSampler,33,2×GPU,0,49.25,30.4112,0.98979,0.98738,0.90184,0.83184,0.98471
fuzzers,2245,QUBOMutualInformation,SimulatedAnnealing,11,2×GPU,0,41.14,30.5395,0.98932,0.98446,0.89721,0.82797,0.9791
fuzzers,2256,QUBOMutualInformation,SimulatedAnnealing,22,2×GPU,0,44.25,30.4669,0.98978,0.98515,0.90129,0.83426,0.98003
fuzzers,2267,QUBOMutualInformation,SimulatedAnnealing,33,2×GPU,0,46.51,30.289,0.98973,0.98631,0.90113,0.83219,0.98253
fuzzers,2288,QUBOMutualInformation,SteepestDescent,11,2×GPU,0,41.13,30.812,0.98932,0.98446,0.89721,0.82797,0.9791
fuzzers,2299,QUBOMutualInformation,SteepestDescent,22,2×GPU,0,44.34,30.4288,0.98978,0.98515,0.90129,0.83426,0.98003
fuzzers,2310,QUBOMutualInformation,SteepestDescent,33,2×GPU,0,46.58,30.357,0.98966,0.98598,0.90043,0.83144,0.9819
fuzzers,2331,QUBOMutualInformation,TabuSampler,11,2×GPU,0,49.22,30.6434,0.98979,0.98738,0.90184,0.83184,0.98471
fuzzers,2342,QUBOMutualInformation,TabuSampler,22,2×GPU,0,49.36,30.2673,0.98979,0.98738,0.90184,0.83184,0.98471
fuzzers,2353,QUBOMutualInformation,TabuSampler,33,2×GPU,0,49.27,30.4977,0.98979,0.98738,0.90184,0.83184,0.98471
fuzzers,2374,QUBOSVCBoosting,SimulatedAnnealing,11,2×GPU,0,44.88,30.2189,0.98847,0.98387,0.88993,0.81586,0.97878
fuzzers,2385,QUBOSVCBoosting,SimulatedAnnealing,22,2×GPU,0,41.8,30.3596,0.9888,0.99219,0.89437,0.81159,0.99594
fuzzers,2396,QUBOSVCBoosting,SimulatedAnnealing,33,2×GPU,0,44.21,30.465,0.98936,0.98656,0.89801,0.82621,0.98346
fuzzers,2417,QUBOSVCBoosting,SteepestDescent,11,2×GPU,0,38.18,30.0608,0.98883,0.9928,0.89474,0.81137,0.99719
fuzzers,2428,QUBOSVCBoosting,SteepestDescent,22,2×GPU,0,41.84,30.2243,0.98865,0.99137,0.89297,0.81032,0.99438
fuzzers,2439,QUBOSVCBoosting,SteepestDescent,33,2×GPU,0,43.89,30.4061,0.98921,0.99152,0.89772,0.81839,0.99407
fuzzers,2460,QUBOSVCBoosting,TabuSampler,11,2×GPU,0,39.6,31.0789,0.98875,0.99187,0.89393,0.81129,0.99532
fuzzers,2471,QUBOSVCBoosting,TabuSampler,22,2×GPU,0,43.6,30.3131,0.98941,0.99207,0.89945,0.82064,0.99501
fuzzers,2482,QUBOSVCBoosting,TabuSampler,33,2×GPU,0,46.58,30.4419,0.98979,0.98456,0.90131,0.8352,0.97878
exploits,1191,QUBOCorrelation,SimulatedAnnealing,13,2×GPU,0,74.19,54.8112,0.99462,0.97547,0.94412,0.93414,0.95431
exploits,1204,QUBOCorrelation,SimulatedAnnealing,26,2×GPU,0,89.42,54.9959,0.99641,0.97554,0.96197,0.97166,0.95247
exploits,1217,QUBOCorrelation,SimulatedAnnealing,39,2×GPU,0,94.61,55.2475,0.99694,0.97884,0.96757,0.97648,0.95883
exploits,1242,QUBOCorrelation,SteepestDescent,13,2×GPU,0,76.12,54.5699,0.99499,0.97901,0.94817,0.93535,0.96134
exploits,1255,QUBOCorrelation,SteepestDescent,26,2×GPU,0,89.53,55.1384,0.99641,0.97554,0.96197,0.97166,0.95247
exploits,1268,QUBOCorrelation,SteepestDescent,39,2×GPU,0,94.86,55.1756,0.99679,0.97788,0.96596,0.9751,0.95699
exploits,1293,QUBOCorrelation,TabuSampler,13,2×GPU,0,92.06,55.1805,0.99661,0.97692,0.9641,0.97323,0.95515
exploits,1306,QUBOCorrelation,TabuSampler,26,2×GPU,0,96.6,55.0999,0.99791,0.98841,0.97807,0.97824,0.97791
exploits,1319,QUBOCorrelation,TabuSampler,39,2×GPU,0,100.78,55.5538,0.9985,0.99238,0.98429,0.98297,0.98561
exploits,1344,QUBOMutualInformation,SimulatedAnnealing,13,2×GPU,0,69.62,55.0014,0.99734,0.98533,0.97205,0.97205,0.97205
exploits,1357,QUBOMutualInformation,SimulatedAnnealing,26,2×GPU,0,74.05,54.7746,0.99843,0.99218,0.98354,0.98182,0.98527
exploits,1370,QUBOMutualInformation,SimulatedAnnealing,39,2×GPU,0,78.44,54.9074,0.99848,0.99236,0.98404,0.98248,0.98561
exploits,1395,QUBOMutualInformation,SteepestDescent,13,2×GPU,0,69.54,55.0289,0.99734,0.98533,0.97205,0.97205,0.97205
exploits,1408,QUBOMutualInformation,SteepestDescent,26,2×GPU,0,73.99,55.0583,0.99843,0.99218,0.98354,0.98182,0.98527
exploits,1421,QUBOMutualInformation,SteepestDescent,39,2×GPU,0,78.18,55.6828,0.99847,0.99236,0.98396,0.98232,0.98561
exploits,1446,QUBOMutualInformation,TabuSampler,13,2×GPU,0,100.7,55.3917,0.9985,0.99238,0.98429,0.98297,0.98561
exploits,1459,QUBOMutualInformation,TabuSampler,26,2×GPU,0,100.87,55.0887,0.9985,0.99238,0.98429,0.98297,0.98561
exploits,1472,QUBOMutualInformation,TabuSampler,39,2×GPU,0,100.79,55.2235,0.9985,0.99238,0.98429,0.98297,0.98561
exploits,1497,QUBOSVCBoosting,SimulatedAnnealing,13,2×GPU,0,82.57,54.6356,0.99699,0.98125,0.96822,0.97264,0.96385
exploits,1510,QUBOSVCBoosting,SimulatedAnnealing,26,2×GPU,0,77.9,55.0256,0.99787,0.98879,0.97768,0.97662,0.97874
exploits,1523,QUBOSVCBoosting,SimulatedAnnealing,39,2×GPU,0,82.94,55.5727,0.99823,0.99064,0.98144,0.98062,0.98226
exploits,1548,QUBOSVCBoosting,SteepestDescent,13,2×GPU,0,73.73,55.1571,0.9913,0.96403,0.91095,0.8891,0.93389
exploits,1561,QUBOSVCBoosting,SteepestDescent,26,2×GPU,0,78.71,55.7627,0.99127,0.96314,0.91049,0.8899,0.93205
exploits,1574,QUBOSVCBoosting,SteepestDescent,39,2×GPU,0,87.87,54.6205,0.99767,0.98582,0.9755,0.97829,0.97272
exploits,1599,QUBOSVCBoosting,TabuSampler,13,2×GPU,0,68.65,54.8544,0.99578,0.97942,0.9559,0.95052,0.96134
exploits,1612,QUBOSVCBoosting,TabuSampler,26,2×GPU,0,83.26,54.9501,0.99708,0.98487,0.96943,0.96749,0.97138
exploits,1625,QUBOSVCBoosting,TabuSampler,39,2×GPU,0,94.98,55.4732,0.99817,0.99085,0.98087,0.97899,0.98276
generic,2505,QUBOCorrelation,SimulatedAnnealing,13,2×GPU,0,248.48,162.7997,0.99953,0.99761,0.99743,0.99961,0.99525
generic,2518,QUBOCorrelation,SimulatedAnnealing,26,2×GPU,0,319.1,157.4126,0.9997,0.99864,0.99836,0.99937,0.99734
generic,2531,QUBOCorrelation,SimulatedAnnealing,39,2×GPU,0,364.1,157.8171,0.99966,0.99848,0.99812,0.99919,0.99704
generic,2557,QUBOCorrelation,SteepestDescent,13,2×GPU,0,246.49,157.0131,0.99945,0.99752,0.99698,0.9988,0.99516
generic,2570,QUBOCorrelation,SteepestDescent,26,2×GPU,0,316.14,158.2451,0.9997,0.99861,0.99837,0.99946,0.99728
generic,2583,QUBOCorrelation,SteepestDescent,39,2×GPU,0,368.74,158.1178,0.99972,0.99879,0.99848,0.99931,0.99764
generic,2609,QUBOCorrelation,TabuSampler,13,2×GPU,0,315.61,158.9173,0.99956,0.998,0.99758,0.99907,0.99609
generic,2622,QUBOCorrelation,TabuSampler,26,2×GPU,0,365.69,158.1396,0.99963,0.99833,0.99795,0.99916,0.99674
generic,2635,QUBOCorrelation,TabuSampler,39,2×GPU,0,392.41,159.2287,0.99977,0.99907,0.99876,0.99931,0.99821
generic,2661,QUBOMutualInformation,SimulatedAnnealing,13,2×GPU,0,226.91,158.4304,0.99974,0.99901,0.99855,0.99898,0.99812
generic,2674,QUBOMutualInformation,SimulatedAnnealing,26,2×GPU,0,256.77,158.7057,0.99977,0.99911,0.99873,0.99916,0.9983
generic,2687,QUBOMutualInformation,SimulatedAnnealing,39,2×GPU,0,282.43,158.595,0.99977,0.99912,0.99876,0.99919,0.99833
generic,2713,QUBOMutualInformation,SteepestDescent,13,2×GPU,0,227.0,157.2618,0.99974,0.99901,0.99855,0.99898,0.99812
generic,2726,QUBOMutualInformation,SteepestDescent,26,2×GPU,0,256.79,158.9669,0.99976,0.99911,0.99867,0.99901,0.99833
generic,2739,QUBOMutualInformation,SteepestDescent,39,2×GPU,0,319.53,157.5826,0.99977,0.99914,0.99876,0.99916,0.99836
generic,2765,QUBOMutualInformation,TabuSampler,13,2×GPU,0,399.22,159.4512,0.99978,0.99907,0.99877,0.99934,0.99821
generic,2778,QUBOMutualInformation,TabuSampler,26,2×GPU,0,399.26,158.0502,0.99978,0.99907,0.99877,0.99934,0.99821
generic,2791,QUBOMutualInformation,TabuSampler,39,2×GPU,0,399.22,159.1073,0.99978,0.99907,0.99877,0.99934,0.99821
generic,2817,QUBOSVCBoosting,SimulatedAnnealing,13,2×GPU,0,208.16,156.4637,0.99955,0.99787,0.9975,0.99919,0.99582
generic,2830,QUBOSVCBoosting,SimulatedAnnealing,26,2×GPU,0,242.13,158.0233,0.99872,0.99791,0.99298,0.98907,0.99692
generic,2843,QUBOSVCBoosting,SimulatedAnnealing,39,2×GPU,0,355.55,157.825,0.99968,0.99861,0.99824,0.99916,0.99731
generic,2869,QUBOSVCBoosting,SteepestDescent,13,2×GPU,0,250.4,157.1585,0.99821,0.99551,0.99015,0.9881,0.99221
generic,2882,QUBOSVCBoosting,SteepestDescent,26,2×GPU,0,265.98,156.8342,0.99935,0.99722,0.9964,0.99817,0.99462
generic,2895,QUBOSVCBoosting,SteepestDescent,39,2×GPU,0,347.02,157.0669,0.99973,0.9989,0.99852,0.99916,0.99788
generic,2921,QUBOSVCBoosting,TabuSampler,13,2×GPU,0,208.76,156.715,0.99845,0.99253,0.99141,0.99758,0.98531
generic,2934,QUBOSVCBoosting,TabuSampler,26,2×GPU,0,310.08,158.1523,0.9998,0.99918,0.99888,0.99934,0.99842
generic,2947,QUBOSVCBoosting,TabuSampler,39,2×GPU,0,361.36,157.2925,0.99978,0.99904,0.99877,0.9994,0.99815
reconnaissance,2971,QUBOCorrelation,SimulatedAnnealing,11,2×GPU,0,33.2,22.3862,0.9953,0.98575,0.9518,0.9295,0.9752
reconnaissance,2982,QUBOCorrelation,SimulatedAnnealing,22,2×GPU,0,36.53,22.5188,0.99719,0.99264,0.971,0.95494,0.9876
reconnaissance,2993,QUBOCorrelation,SimulatedAnnealing,33,2×GPU,0,38.97,22.3715,0.99739,0.99315,0.97306,0.95814,0.98846
reconnaissance,3015,QUBOCorrelation,SteepestDescent,11,2×GPU,0,33.22,22.2931,0.9953,0.98575,0.9518,0.9295,0.9752
reconnaissance,3026,QUBOCorrelation,SteepestDescent,22,2×GPU,0,36.63,22.5028,0.99721,0.99285,0.97121,0.95496,0.98803
reconnaissance,3037,QUBOCorrelation,SteepestDescent,33,2×GPU,0,38.93,22.2989,0.99739,0.99315,0.97306,0.95814,0.98846
reconnaissance,3059,QUBOCorrelation,TabuSampler,11,2×GPU,0,37.23,22.3347,0.99727,0.99268,0.97181,0.95652,0.9876
reconnaissance,3070,QUBOCorrelation,TabuSampler,22,2×GPU,0,39.18,22.6034,0.99756,0.99019,0.97454,0.96716,0.98204
reconnaissance,3081,QUBOCorrelation,TabuSampler,33,2×GPU,0,41.77,22.5462,0.99949,0.9973,0.99466,0.99444,0.99487
reconnaissance,3103,QUBOMutualInformation,SimulatedAnnealing,11,2×GPU,0,30.82,22.367,0.99914,0.99529,0.99102,0.99102,0.99102
reconnaissance,3114,QUBOMutualInformation,SimulatedAnnealing,22,2×GPU,0,33.93,22.2939,0.99933,0.99701,0.99296,0.99147,0.99444
reconnaissance,3125,QUBOMutualInformation,SimulatedAnnealing,33,2×GPU,0,35.65,22.2296,0.99945,0.99748,0.99423,0.99317,0.9953
reconnaissance,3147,QUBOMutualInformation,SteepestDescent,11,2×GPU,0,30.86,22.4574,0.99914,0.99529,0.99102,0.99102,0.99102
reconnaissance,3158,QUBOMutualInformation,SteepestDescent,22,2×GPU,0,33.95,22.4676,0.99933,0.99701,0.99296,0.99147,0.99444
reconnaissance,3169,QUBOMutualInformation,SteepestDescent,33,2×GPU,0,35.62,22.2998,0.99943,0.99706,0.99402,0.99359,0.99444
reconnaissance,3191,QUBOMutualInformation,TabuSampler,11,2×GPU,0,41.74,22.4066,0.99949,0.9973,0.99466,0.99444,0.99487
reconnaissance,3202,QUBOMutualInformation,TabuSampler,22,2×GPU,0,41.82,22.5365,0.99949,0.9973,0.99466,0.99444,0.99487
reconnaissance,3213,QUBOMutualInformation,TabuSampler,33,2×GPU,0,41.82,22.464,0.99949,0.9973,0.99466,0.99444,0.99487
reconnaissance,3235,QUBOSVCBoosting,SimulatedAnnealing,11,2×GPU,0,31.54,23.4705,0.99572,0.99227,0.95656,0.92665,0.98846
reconnaissance,3246,QUBOSVCBoosting,SimulatedAnnealing,22,2×GPU,0,34.26,22.3365,0.99239,0.97265,0.92244,0.89569,0.95083
reconnaissance,3257,QUBOSVCBoosting,SimulatedAnnealing,33,2×GPU,0,37.07,22.3673,0.99931,0.99639,0.99274,0.99231,0.99316
reconnaissance,3279,QUBOSVCBoosting,SteepestDescent,11,2×GPU,0,27.2,21.0193,0.98833,0.99245,0.89059,0.80469,0.99701
reconnaissance,3290,QUBOSVCBoosting,SteepestDescent,22,2×GPU,0,31.39,21.9542,0.98868,0.99264,0.89349,0.80944,0.99701
reconnaissance,3301,QUBOSVCBoosting,SteepestDescent,33,2×GPU,0,36.72,22.5611,0.9977,0.98722,0.97584,0.97605,0.97563
reconnaissance,3323,QUBOSVCBoosting,TabuSampler,11,2×GPU,0,29.89,22.3484,0.99554,0.98162,0.95379,0.94167,0.96622
reconnaissance,3334,QUBOSVCBoosting,TabuSampler,22,2×GPU,0,35.92,22.5375,0.99662,0.98482,0.96477,0.95786,0.97178
reconnaissance,3345,QUBOSVCBoosting,TabuSampler,33,2×GPU,0,38.62,22.459,0.99929,0.99617,0.99252,0.99231,0.99273
analysis,9,QUBOCorrelation,SimulatedAnnealing,10,2×GPU,0,13.34,3.8699,0.99864,0.99815,0.98585,0.97436,0.99761
analysis,20,QUBOCorrelation,SimulatedAnnealing,21,2×GPU,0,14.35,5.1679,0.9983,0.9923,0.98216,0.97867,0.98568
analysis,30,QUBOCorrelation,SimulatedAnnealing,31,2×GPU,0,14.58,5.1793,0.99852,0.99582,0.98462,0.97653,0.99284
analysis,50,QUBOCorrelation,SteepestDescent,10,2×GPU,0,13.38,3.8952,0.99864,0.99815,0.98585,0.97436,0.99761
analysis,61,QUBOCorrelation,SteepestDescent,21,2×GPU,0,14.41,5.146,0.99818,0.99111,0.98095,0.97862,0.98329
analysis,71,QUBOCorrelation,SteepestDescent,31,2×GPU,0,14.66,5.2127,0.99852,0.99582,0.98462,0.97653,0.99284
analysis,91,QUBOCorrelation,TabuSampler,10,2×GPU,0,14.49,5.1655,0.9983,0.99457,0.98225,0.97418,0.99045
analysis,102,QUBOCorrelation,TabuSampler,21,2×GPU,0,15.27,5.1706,0.99852,0.99696,0.98465,0.9743,0.99523
analysis,112,QUBOCorrelation,TabuSampler,31,2×GPU,0,15.72,5.1936,0.99852,0.99696,0.98465,0.9743,0.99523
analysis,132,QUBOMutualInformation,SimulatedAnnealing,10,2×GPU,0,14.24,5.1565,0.99818,0.99905,0.98126,0.96322,1.0
analysis,143,QUBOMutualInformation,SimulatedAnnealing,21,2×GPU,0,14.52,5.143,0.9983,0.99684,0.98233,0.96977,0.99523
analysis,153,QUBOMutualInformation,SimulatedAnnealing,31,2×GPU,0,14.8,5.1551,0.99864,0.99815,0.98585,0.97436,0.99761
analysis,173,QUBOMutualInformation,SteepestDescent,10,2×GPU,0,14.27,5.1585,0.99818,0.99905,0.98126,0.96322,1.0
analysis,184,QUBOMutualInformation,SteepestDescent,21,2×GPU,0,14.6,5.2187,0.9983,0.99684,0.98233,0.96977,0.99523
analysis,194,QUBOMutualInformation,SteepestDescent,31,2×GPU,0,14.81,5.1617,0.99852,0.99809,0.98469,0.97209,0.99761
analysis,214,QUBOMutualInformation,TabuSampler,10,2×GPU,0,15.75,5.1875,0.99852,0.99696,0.98465,0.9743,0.99523
analysis,225,QUBOMutualInformation,TabuSampler,21,2×GPU,0,15.69,5.2059,0.99852,0.99696,0.98465,0.9743,0.99523
analysis,235,QUBOMutualInformation,TabuSampler,31,2×GPU,0,15.62,5.1634,0.99852,0.99696,0.98465,0.9743,0.99523
analysis,255,QUBOSVCBoosting,SimulatedAnnealing,10,2×GPU,0,14.25,5.1332,0.99795,0.99099,0.97862,0.974,0.98329
analysis,266,QUBOSVCBoosting,SimulatedAnnealing,21,2×GPU,0,14.17,5.215,0.99818,0.99338,0.98104,0.97412,0.98807
analysis,276,QUBOSVCBoosting,SimulatedAnnealing,31,2×GPU,0,14.4,5.1582,0.99841,0.99576,0.98345,0.97424,0.99284
analysis,296,QUBOSVCBoosting,SteepestDescent,10,2×GPU,0,13.83,6.1915,0.99886,0.9994,0.98821,0.97669,1.0
analysis,307,QUBOSVCBoosting,SteepestDescent,21,2×GPU,0,14.07,5.3086,0.99875,0.99708,0.98698,0.97887,0.99523
analysis,317,QUBOSVCBoosting,SteepestDescent,31,2×GPU,0,14.33,5.1748,0.99864,0.99815,0.98585,0.97436,0.99761
analysis,337,QUBOSVCBoosting,TabuSampler,10,2×GPU,0,13.49,3.9327,0.99693,0.99839,0.96879,0.93946,1.0
analysis,348,QUBOSVCBoosting,TabuSampler,21,2×GPU,0,14.33,5.1888,0.99807,0.99218,0.97983,0.97406,0.98568
analysis,358,QUBOSVCBoosting,TabuSampler,31,2×GPU,0,14.67,5.2228,0.99807,0.99105,0.97979,0.9763,0.98329
shellcode,3366,QUBOCorrelation,SimulatedAnnealing,10,2×GPU,0,12.67,2.2027,0.9969,0.99837,0.96842,0.93878,1.0
shellcode,3376,QUBOCorrelation,SimulatedAnnealing,20,2×GPU,0,13.55,4.4805,0.99876,0.99935,0.98712,0.97458,1.0
shellcode,3386,QUBOCorrelation,SimulatedAnnealing,30,2×GPU,0,13.7,3.7915,0.99876,0.99935,0.98712,0.97458,1.0
shellcode,3405,QUBOCorrelation,SteepestDescent,10,2×GPU,0,12.92,3.8268,0.9969,0.99837,0.96842,0.93878,1.0
shellcode,3415,QUBOCorrelation,SteepestDescent,20,2×GPU,0,13.56,3.6069,0.99876,0.99935,0.98712,0.97458,1.0
shellcode,3425,QUBOCorrelation,SteepestDescent,30,2×GPU,0,13.73,4.341,0.99876,0.99935,0.98712,0.97458,1.0
shellcode,3444,QUBOCorrelation,TabuSampler,10,2×GPU,0,13.52,4.2389,0.99897,0.99946,0.98925,0.97872,1.0
shellcode,3454,QUBOCorrelation,TabuSampler,20,2×GPU,0,13.76,3.4734,0.9971,0.98402,0.96957,0.96957,0.96957
shellcode,3464,QUBOCorrelation,TabuSampler,30,2×GPU,0,13.79,3.3725,0.99938,0.99967,0.99352,0.98712,1.0
shellcode,3483,QUBOMutualInformation,SimulatedAnnealing,10,2×GPU,0,13.24,4.1307,0.99917,0.99957,0.99138,0.98291,1.0
shellcode,3493,QUBOMutualInformation,SimulatedAnnealing,20,2×GPU,0,13.39,3.3251,0.99938,0.99967,0.99352,0.98712,1.0
shellcode,3503,QUBOMutualInformation,SimulatedAnnealing,30,2×GPU,0,13.61,3.5282,0.99938,0.99967,0.99352,0.98712,1.0
shellcode,3522,QUBOMutualInformation,SteepestDescent,10,2×GPU,0,13.23,4.1383,0.99917,0.99957,0.99138,0.98291,1.0
shellcode,3532,QUBOMutualInformation,SteepestDescent,20,2×GPU,0,13.41,3.3225,0.99938,0.99967,0.99352,0.98712,1.0
shellcode,3542,QUBOMutualInformation,SteepestDescent,30,2×GPU,0,13.68,3.7086,0.99938,0.99967,0.99352,0.98712,1.0
shellcode,3561,QUBOMutualInformation,TabuSampler,10,2×GPU,0,13.82,3.3846,0.99938,0.99967,0.99352,0.98712,1.0
shellcode,3571,QUBOMutualInformation,TabuSampler,20,2×GPU,0,13.8,3.5433,0.99938,0.99967,0.99352,0.98712,1.0
shellcode,3581,QUBOMutualInformation,TabuSampler,30,2×GPU,0,13.82,3.3696,0.99938,0.99967,0.99352,0.98712,1.0
shellcode,3600,QUBOSVCBoosting,SimulatedAnnealing,10,2×GPU,0,13.39,3.4378,0.99235,0.98979,0.92464,0.86973,0.98696
shellcode,3610,QUBOSVCBoosting,SimulatedAnnealing,20,2×GPU,0,13.62,3.487,0.99442,0.98674,0.9434,0.91093,0.97826
shellcode,3620,QUBOSVCBoosting,SimulatedAnnealing,30,2×GPU,0,13.79,3.49,0.99545,0.9687,0.95154,0.96429,0.93913
shellcode,3639,QUBOSVCBoosting,SteepestDescent,10,2×GPU,0,12.74,2.2015,0.988,0.9937,0.88803,0.79861,1.0
shellcode,3649,QUBOSVCBoosting,SteepestDescent,20,2×GPU,0,13.59,3.4764,0.9938,0.96989,0.93534,0.92735,0.94348
shellcode,3659,QUBOSVCBoosting,SteepestDescent,30,2×GPU,0,13.56,3.9615,0.99835,0.99707,0.98283,0.97034,0.99565
shellcode,3678,QUBOSVCBoosting,TabuSampler,10,2×GPU,0,13.41,3.4619,0.99193,0.97305,0.91824,0.88664,0.95217
shellcode,3688,QUBOSVCBoosting,TabuSampler,20,2×GPU,0,13.62,3.4098,0.99855,0.99924,0.98501,0.97046,1.0
shellcode,3698,QUBOSVCBoosting,TabuSampler,30,2×GPU,0,13.62,4.2358,0.99897,0.99946,0.98925,0.97872,1.0
backdoor,378,QUBOCorrelation,SimulatedAnnealing,10,2×GPU,0,13.67,3.3357,0.99597,0.97776,0.95763,0.95763,0.95763
backdoor,389,QUBOCorrelation,SimulatedAnnealing,21,2×GPU,0,14.46,4.5767,0.99893,0.99273,0.98867,0.99148,0.98588
backdoor,400,QUBOCorrelation,SimulatedAnnealing,32,2×GPU,0,14.71,4.5784,0.99893,0.99407,0.9887,0.9887,0.9887
backdoor,420,QUBOCorrelation,SteepestDescent,10,2×GPU,0,13.73,3.3485,0.99597,0.97776,0.95763,0.95763,0.95763
backdoor,431,QUBOCorrelation,SteepestDescent,21,2×GPU,0,14.47,4.5719,0.99893,0.99273,0.98867,0.99148,0.98588
backdoor,442,QUBOCorrelation,SteepestDescent,32,2×GPU,0,14.75,4.6175,0.99893,0.99407,0.9887,0.9887,0.9887
backdoor,462,QUBOCorrelation,TabuSampler,10,2×GPU,0,14.47,4.566,0.99919,0.99555,0.99153,0.99153,0.99153
backdoor,473,QUBOCorrelation,TabuSampler,21,2×GPU,0,14.75,4.5629,0.99933,0.99696,0.99295,0.99155,0.99435
backdoor,484,QUBOCorrelation,TabuSampler,32,2×GPU,0,15.44,5.0911,0.99933,0.99696,0.99295,0.99155,0.99435
backdoor,504,QUBOMutualInformation,SimulatedAnnealing,10,2×GPU,0,14.23,4.5766,0.99906,0.9928,0.99007,0.9943,0.98588
backdoor,515,QUBOMutualInformation,SimulatedAnnealing,21,2×GPU,0,14.42,4.6079,0.99946,0.99838,0.99437,0.99157,0.99718
backdoor,526,QUBOMutualInformation,SimulatedAnnealing,32,2×GPU,0,14.68,4.6136,0.99906,0.99548,0.99013,0.98873,0.99153
backdoor,546,QUBOMutualInformation,SteepestDescent,10,2×GPU,0,14.18,4.7397,0.99906,0.9928,0.99007,0.9943,0.98588
backdoor,557,QUBOMutualInformation,SteepestDescent,21,2×GPU,0,14.43,4.5883,0.99946,0.99838,0.99437,0.99157,0.99718
backdoor,568,QUBOMutualInformation,SteepestDescent,32,2×GPU,0,14.66,4.5887,0.99919,0.99689,0.99155,0.98876,0.99435
backdoor,588,QUBOMutualInformation,TabuSampler,10,2×GPU,0,15.63,5.1526,0.99933,0.99696,0.99295,0.99155,0.99435
backdoor,599,QUBOMutualInformation,TabuSampler,21,2×GPU,0,15.59,5.1417,0.99933,0.99696,0.99295,0.99155,0.99435
backdoor,610,QUBOMutualInformation,TabuSampler,32,2×GPU,0,15.65,5.1379,0.99933,0.99696,0.99295,0.99155,0.99435
backdoor,630,QUBOSVCBoosting,SimulatedAnnealing,10,2×GPU,0,13.75,3.5458,0.99288,0.93319,0.92054,0.98083,0.86723
backdoor,641,QUBOSVCBoosting,SimulatedAnnealing,21,2×GPU,0,14.38,4.6131,0.9957,0.97493,0.95467,0.95739,0.95198
backdoor,652,QUBOSVCBoosting,SimulatedAnnealing,32,2×GPU,0,14.59,4.5803,0.99906,0.99548,0.99013,0.98873,0.99153
backdoor,672,QUBOSVCBoosting,SteepestDescent,10,2×GPU,0,14.13,4.5074,0.99503,0.96518,0.94692,0.9621,0.9322
backdoor,683,QUBOSVCBoosting,SteepestDescent,21,2×GPU,0,14.27,4.5868,0.9957,0.97091,0.95429,0.96532,0.9435
backdoor,694,QUBOSVCBoosting,SteepestDescent,32,2×GPU,0,14.5,4.6027,0.99866,0.99259,0.98588,0.98588,0.98588
backdoor,714,QUBOSVCBoosting,TabuSampler,10,2×GPU,0,14.03,5.6934,0.9953,0.98411,0.95159,0.93225,0.97175
backdoor,725,QUBOSVCBoosting,TabuSampler,21,2×GPU,0,14.57,4.563,0.99919,0.99689,0.99155,0.98876,0.99435
backdoor,736,QUBOSVCBoosting,TabuSampler,32,2×GPU,0,14.78,4.5896,0.99933,0.99696,0.99295,0.99155,0.99435
