attack_cat,qfs_index,selection_algorithm_name,QUBO_solver,target_feature_k,device,graph_time,train_time,test_time,peak_memory_gpu_0,peak_memory_gpu_1,accuracy,bal_accuracy,f1_malicious,precision_malicious,recall_malicious
full,1650,QUBOCorrelation,SimulatedAnnealing,13,cuda:2,0,4.03,1.6895,1914.94,270.94,0.98895,0.98968,0.95739,0.92628,0.99066
full,1663,QUBOCorrelation,SimulatedAnnealing,26,cuda:2,0,4.81,2.0712,3570.94,270.94,0.99253,0.98165,0.97009,0.97307,0.96714
full,1676,QUBOCorrelation,SimulatedAnnealing,39,cuda:2,0,4.74,2.2785,5390.94,270.94,0.99222,0.98099,0.96887,0.97176,0.966
full,1702,QUBOCorrelation,SteepestDescent,13,"cuda:0,1",0,2.05,1.4119,1600.94,968.94,0.99016,0.9867,0.96154,0.94184,0.98209
full,1715,QUBOCorrelation,SteepestDescent,26,"cuda:0,1",0,2.38,1.6425,1980.94,1036.94,0.9931,0.98447,0.97248,0.972,0.97296
full,1728,QUBOCorrelation,SteepestDescent,39,"cuda:0,1",0,2.47,1.6292,2308.94,1134.94,0.99235,0.98198,0.96942,0.97069,0.96815
full,1754,QUBOCorrelation,TabuSampler,13,"cuda:0,1",0,2.42,1.5683,2244.94,1072.94,0.9918,0.9798,0.96716,0.97055,0.96379
full,1767,QUBOCorrelation,TabuSampler,26,"cuda:0,1",0,2.46,1.5971,2298.94,1402.94,0.99199,0.98059,0.96796,0.97055,0.96538
full,1780,QUBOCorrelation,TabuSampler,39,"cuda:0,1",0,2.54,1.6696,2628.94,1158.94,0.99409,0.98481,0.97634,0.98028,0.97242
full,1806,QUBOMutualInformation,SimulatedAnnealing,13,"cuda:0,1",0,2.04,1.5428,1804.94,1276.94,0.99247,0.9831,0.96997,0.96934,0.97061
full,1819,QUBOMutualInformation,SimulatedAnnealing,26,"cuda:0,1",0,2.3,1.579,2120.94,1042.94,0.99411,0.98447,0.97638,0.9812,0.9716
full,1832,QUBOMutualInformation,SimulatedAnnealing,39,"cuda:0,1",0,2.67,1.8842,2610.94,1140.94,0.99415,0.98473,0.97655,0.98099,0.97216
full,1858,QUBOMutualInformation,SteepestDescent,13,"cuda:0,1",0,2.01,1.5641,1758.94,976.94,0.99247,0.9831,0.96997,0.96934,0.97061
full,1871,QUBOMutualInformation,SteepestDescent,26,"cuda:0,1",0,2.35,1.5982,2096.94,1064.94,0.99411,0.98447,0.97638,0.9812,0.9716
full,1884,QUBOMutualInformation,SteepestDescent,39,"cuda:0,1",0,2.65,1.7018,2658.94,1108.94,0.99412,0.98477,0.97643,0.9806,0.9723
full,1910,QUBOMutualInformation,TabuSampler,13,"cuda:0,1",0,2.72,1.7198,3208.94,1462.94,0.99407,0.98461,0.97622,0.9805,0.97199
full,1923,QUBOMutualInformation,TabuSampler,26,"cuda:0,1",0,2.77,1.6206,2980.94,1162.94,0.99407,0.98461,0.97622,0.9805,0.97199
full,1936,QUBOMutualInformation,TabuSampler,39,"cuda:0,1",0,2.73,1.6902,3054.94,1202.94,0.99407,0.98461,0.97622,0.9805,0.97199
full,1962,QUBOSVCBoosting,SimulatedAnnealing,13,"cuda:0,1",0,1.67,1.3774,2070.94,942.94,0.98796,0.98219,0.95303,0.9325,0.97449
full,1975,QUBOSVCBoosting,SimulatedAnnealing,26,"cuda:0,1",0,2.19,1.4627,2240.94,982.94,0.99324,0.98381,0.97298,0.97475,0.97123
full,1988,QUBOSVCBoosting,SimulatedAnnealing,39,"cuda:0,1",0,2.53,1.7962,2270.94,1066.94,0.99272,0.9845,0.97102,0.96852,0.97354
full,2014,QUBOSVCBoosting,SteepestDescent,13,"cuda:0,1",0,2.03,1.4158,1742.94,958.94,0.99115,0.98092,0.9648,0.96235,0.96726
full,2027,QUBOSVCBoosting,SteepestDescent,26,"cuda:0,1",0,2.29,1.4467,1910.94,982.94,0.99136,0.97815,0.96534,0.97021,0.96053
full,2040,QUBOSVCBoosting,SteepestDescent,39,"cuda:0,1",0,2.48,1.5243,2136.94,1028.94,0.99212,0.98083,0.96847,0.97119,0.96577
full,2066,QUBOSVCBoosting,TabuSampler,13,"cuda:0,1",0,1.86,0.9371,1668.94,812.94,0.99038,0.9777,0.96159,0.9624,0.96077
full,2079,QUBOSVCBoosting,TabuSampler,26,"cuda:0,1",0,2.74,1.5702,2094.94,1042.94,0.99339,0.98311,0.97353,0.97771,0.96939
full,2092,QUBOSVCBoosting,TabuSampler,39,"cuda:0,1",0,2.63,1.7215,2446.94,1388.94,0.9939,0.98428,0.97556,0.97973,0.97143
dos,758,QUBOCorrelation,SimulatedAnnealing,12,"cuda:0,1",0,0.6,0.6168,1236.94,636.94,0.99546,0.96747,0.95153,0.96701,0.93653
dos,770,QUBOCorrelation,SimulatedAnnealing,24,"cuda:0,1",0,0.64,1.3696,1514.94,898.94,0.99652,0.97541,0.96301,0.97419,0.95208
dos,782,QUBOCorrelation,SimulatedAnnealing,36,"cuda:0,1",0,0.63,1.3895,1554.94,904.94,0.9969,0.97681,0.967,0.97972,0.9546
dos,806,QUBOCorrelation,SteepestDescent,12,"cuda:0,1",0,0.56,0.725,1244.94,636.94,0.99546,0.96747,0.95153,0.96701,0.93653
dos,818,QUBOCorrelation,SteepestDescent,24,"cuda:0,1",0,0.65,1.53,1510.94,894.94,0.99662,0.97586,0.96407,0.97547,0.95292
dos,830,QUBOCorrelation,SteepestDescent,36,"cuda:0,1",0,0.67,1.4978,1518.94,1200.94,0.9969,0.97681,0.967,0.97972,0.9546
dos,854,QUBOCorrelation,TabuSampler,12,"cuda:0,1",0,0.63,1.3665,1540.94,896.94,0.99774,0.98424,0.97608,0.98295,0.96931
dos,866,QUBOCorrelation,TabuSampler,24,"cuda:0,1",0,0.67,1.5049,1862.94,900.94,0.99846,0.9918,0.98383,0.98321,0.98445
dos,878,QUBOCorrelation,TabuSampler,36,"cuda:0,1",0,0.64,1.5048,1892.94,904.94,0.99858,0.99286,0.9851,0.98365,0.98655
dos,902,QUBOMutualInformation,SimulatedAnnealing,12,"cuda:0,1",0,0.6,1.6073,1490.94,890.94,0.99726,0.98319,0.9711,0.9746,0.96763
dos,914,QUBOMutualInformation,SimulatedAnnealing,24,"cuda:0,1",0,0.6,1.4078,1510.94,894.94,0.99874,0.99395,0.98678,0.98492,0.98865
dos,926,QUBOMutualInformation,SimulatedAnnealing,36,"cuda:0,1",0,0.7,1.537,1560.94,900.94,0.99868,0.99312,0.98614,0.98531,0.98697
dos,950,QUBOMutualInformation,SteepestDescent,12,"cuda:0,1",0,0.54,1.5199,1486.94,888.94,0.99726,0.98319,0.9711,0.9746,0.96763
dos,962,QUBOMutualInformation,SteepestDescent,24,"cuda:0,1",0,0.62,1.4205,1512.94,894.94,0.99874,0.99395,0.98678,0.98492,0.98865
dos,974,QUBOMutualInformation,SteepestDescent,36,"cuda:0,1",0,0.67,1.5257,1534.94,904.94,0.99864,0.9931,0.98573,0.98449,0.98697
dos,998,QUBOMutualInformation,TabuSampler,12,"cuda:0,1",0,0.66,1.5288,1568.94,906.94,0.99876,0.99376,0.98699,0.98574,0.98823
dos,1010,QUBOMutualInformation,TabuSampler,24,"cuda:0,1",0,0.68,1.5179,1580.94,906.94,0.99876,0.99376,0.98699,0.98574,0.98823
dos,1022,QUBOMutualInformation,TabuSampler,36,"cuda:0,1",0,0.69,1.5448,1588.94,906.94,0.99876,0.99376,0.98699,0.98574,0.98823
dos,1046,QUBOSVCBoosting,SimulatedAnnealing,12,"cuda:0,1",0,0.52,1.4852,1508.94,886.94,0.99762,0.98657,0.97497,0.97559,0.97436
dos,1058,QUBOSVCBoosting,SimulatedAnnealing,24,"cuda:0,1",0,0.61,1.4061,1522.94,892.94,0.99612,0.96901,0.95839,0.97854,0.93905
dos,1070,QUBOSVCBoosting,SimulatedAnnealing,36,"cuda:0,1",0,0.63,1.6115,1556.94,894.94,0.99546,0.96607,0.95138,0.96987,0.93359
dos,1094,QUBOSVCBoosting,SteepestDescent,12,"cuda:0,1",0,0.57,0.5465,1244.94,632.94,0.99429,0.95028,0.9377,0.97678,0.90164
dos,1106,QUBOSVCBoosting,SteepestDescent,24,"cuda:0,1",0,0.56,0.8193,1302.94,666.94,0.99425,0.95206,0.93754,0.97202,0.90542
dos,1118,QUBOSVCBoosting,SteepestDescent,36,"cuda:0,1",0,0.64,1.3939,1536.94,894.94,0.99826,0.9889,0.98166,0.98477,0.97856
dos,1142,QUBOSVCBoosting,TabuSampler,12,"cuda:0,1",0,0.51,1.3789,1504.94,888.94,0.99574,0.98398,0.95593,0.94132,0.971
dos,1154,QUBOSVCBoosting,TabuSampler,24,"cuda:0,1",0,0.61,1.3949,1542.94,892.94,0.99736,0.98324,0.97213,0.97667,0.96763
dos,1166,QUBOSVCBoosting,TabuSampler,36,"cuda:0,1",0,0.65,1.7195,1580.94,898.94,0.99836,0.98995,0.98273,0.9848,0.98066
fuzzers,2116,QUBOCorrelation,SimulatedAnnealing,11,"cuda:0,1",0,0.64,0.5474,1278.94,640.94,0.98892,0.99329,0.89558,0.81214,0.99813
fuzzers,2127,QUBOCorrelation,SimulatedAnnealing,22,"cuda:0,1",0,0.69,1.384,1608.94,898.94,0.98923,0.99346,0.89822,0.81649,0.99813
fuzzers,2138,QUBOCorrelation,SimulatedAnnealing,33,"cuda:0,1",0,0.72,1.5062,1662.94,904.94,0.98923,0.99346,0.89822,0.81649,0.99813
fuzzers,2159,QUBOCorrelation,SteepestDescent,11,"cuda:0,1",0,0.64,1.3707,1548.94,890.94,0.98893,0.9933,0.8957,0.81234,0.99813
fuzzers,2170,QUBOCorrelation,SteepestDescent,22,"cuda:0,1",0,0.68,1.3832,1608.94,898.94,0.98893,0.9933,0.8957,0.81234,0.99813
fuzzers,2181,QUBOCorrelation,SteepestDescent,33,"cuda:0,1",0,0.68,1.5166,1696.94,910.94,0.98921,0.99345,0.89809,0.81628,0.99813
fuzzers,2202,QUBOCorrelation,TabuSampler,11,"cuda:0,1",0,0.67,1.6864,1656.94,900.94,0.98929,0.99363,0.89875,0.81716,0.99844
fuzzers,2213,QUBOCorrelation,TabuSampler,22,"cuda:0,1",0,0.69,1.5436,1686.94,1208.94,0.98929,0.99363,0.89875,0.81716,0.99844
fuzzers,2224,QUBOCorrelation,TabuSampler,33,"cuda:0,1",0,0.69,1.566,1774.94,912.94,0.98926,0.99362,0.8985,0.81674,0.99844
fuzzers,2245,QUBOMutualInformation,SimulatedAnnealing,11,"cuda:0,1",0,0.71,1.4485,1700.94,894.94,0.98903,0.99232,0.89638,0.81491,0.99594
fuzzers,2256,QUBOMutualInformation,SimulatedAnnealing,22,"cuda:0,1",0,0.72,1.488,1730.94,900.94,0.9895,0.99137,0.90007,0.82274,0.99345
fuzzers,2267,QUBOMutualInformation,SimulatedAnnealing,33,"cuda:0,1",0,0.75,1.5815,1756.94,906.94,0.98941,0.99325,0.89968,0.81932,0.9975
fuzzers,2288,QUBOMutualInformation,SteepestDescent,11,"cuda:0,1",0,0.73,1.8659,1610.94,894.94,0.98903,0.99232,0.89638,0.81491,0.99594
fuzzers,2299,QUBOMutualInformation,SteepestDescent,22,"cuda:0,1",0,0.69,1.4778,1594.94,904.94,0.9895,0.99137,0.90007,0.82274,0.99345
fuzzers,2310,QUBOMutualInformation,SteepestDescent,33,"cuda:0,1",0,0.7,1.5799,1636.94,906.94,0.98938,0.99324,0.89942,0.8189,0.9975
fuzzers,2331,QUBOMutualInformation,TabuSampler,11,"cuda:0,1",0,0.74,1.5524,1664.94,912.94,0.98926,0.99362,0.8985,0.81674,0.99844
fuzzers,2342,QUBOMutualInformation,TabuSampler,22,"cuda:0,1",0,0.7,1.5418,1698.94,912.94,0.98926,0.99362,0.8985,0.81674,0.99844
fuzzers,2353,QUBOMutualInformation,TabuSampler,33,"cuda:0,1",0,0.75,1.559,1734.94,912.94,0.98926,0.99362,0.8985,0.81674,0.99844
fuzzers,2374,QUBOSVCBoosting,SimulatedAnnealing,11,"cuda:0,1",0,0.66,1.4951,1594.94,888.94,0.9875,0.99107,0.8835,0.79447,0.99501
fuzzers,2385,QUBOSVCBoosting,SimulatedAnnealing,22,"cuda:0,1",0,0.61,1.6546,1598.94,892.94,0.98887,0.99327,0.8952,0.81152,0.99813
fuzzers,2396,QUBOSVCBoosting,SimulatedAnnealing,33,"cuda:0,1",0,0.69,1.3679,1606.94,896.94,0.98918,0.99343,0.89784,0.81586,0.99813
fuzzers,2417,QUBOSVCBoosting,SteepestDescent,11,"cuda:0,1",0,0.62,1.3842,1594.94,886.94,0.98584,0.99123,0.87025,0.77198,0.99719
fuzzers,2428,QUBOSVCBoosting,SteepestDescent,22,"cuda:0,1",0,0.61,1.5009,1606.94,892.94,0.98887,0.99327,0.8952,0.81152,0.99813
fuzzers,2439,QUBOSVCBoosting,SteepestDescent,33,"cuda:0,1",0,0.69,1.4119,1638.94,896.94,0.98917,0.99342,0.89771,0.81566,0.99813
fuzzers,2460,QUBOSVCBoosting,TabuSampler,11,"cuda:0,1",0,0.59,0.7223,1374.94,666.94,0.98874,0.99142,0.89372,0.81156,0.99438
fuzzers,2471,QUBOSVCBoosting,TabuSampler,22,"cuda:0,1",0,0.68,1.3674,1608.94,896.94,0.98886,0.99311,0.89505,0.81147,0.99782
fuzzers,2482,QUBOSVCBoosting,TabuSampler,33,"cuda:0,1",0,0.71,1.7636,1664.94,904.94,0.9893,0.99364,0.89888,0.81737,0.99844
exploits,1191,QUBOCorrelation,SimulatedAnnealing,13,"cuda:0,1",0,0.88,0.704,1422.94,682.94,0.99456,0.97489,0.94351,0.93407,0.95314
exploits,1204,QUBOCorrelation,SimulatedAnnealing,26,"cuda:0,1",0,1.0,1.4234,1766.94,918.94,0.99583,0.98318,0.95679,0.9447,0.96921
exploits,1217,QUBOCorrelation,SimulatedAnnealing,39,"cuda:0,1",0,1.03,1.5347,1832.94,944.94,0.99669,0.97918,0.96508,0.97039,0.95983
exploits,1242,QUBOCorrelation,SteepestDescent,13,"cuda:0,1",0,0.86,1.5252,1706.94,902.94,0.99505,0.98293,0.94913,0.92956,0.96954
exploits,1255,QUBOCorrelation,SteepestDescent,26,"cuda:0,1",0,0.97,1.5335,1772.94,1218.94,0.99583,0.98318,0.95679,0.9447,0.96921
exploits,1268,QUBOCorrelation,SteepestDescent,39,"cuda:0,1",0,0.95,1.5455,2148.94,934.94,0.99641,0.98054,0.96229,0.96156,0.96301
exploits,1293,QUBOCorrelation,TabuSampler,13,"cuda:0,1",0,0.94,1.4272,2136.94,926.94,0.99614,0.97897,0.95952,0.95904,0.96
exploits,1306,QUBOCorrelation,TabuSampler,26,"cuda:0,1",0,1.01,1.5535,2154.94,940.94,0.99783,0.98948,0.97731,0.97438,0.98025
exploits,1319,QUBOCorrelation,TabuSampler,39,"cuda:0,1",0,1.04,1.5837,1892.94,1250.94,0.99844,0.99322,0.98366,0.9799,0.98745
exploits,1344,QUBOMutualInformation,SimulatedAnnealing,13,"cuda:0,1",0,0.94,1.4925,1690.94,904.94,0.99733,0.985,0.97195,0.97252,0.97138
exploits,1357,QUBOMutualInformation,SimulatedAnnealing,26,"cuda:0,1",0,0.97,1.4623,1776.94,920.94,0.9985,0.99357,0.98433,0.98057,0.98812
exploits,1370,QUBOMutualInformation,SimulatedAnnealing,39,"cuda:0,1",0,1.0,1.6106,1860.94,1238.94,0.99849,0.99348,0.98416,0.9804,0.98795
exploits,1395,QUBOMutualInformation,SteepestDescent,13,"cuda:0,1",0,0.98,1.6085,1696.94,904.94,0.99733,0.985,0.97195,0.97252,0.97138
exploits,1408,QUBOMutualInformation,SteepestDescent,26,"cuda:0,1",0,0.96,1.6154,1786.94,936.94,0.9985,0.99357,0.98433,0.98057,0.98812
exploits,1421,QUBOMutualInformation,SteepestDescent,39,"cuda:0,1",0,0.98,1.9219,2166.94,938.94,0.99845,0.99315,0.98382,0.98039,0.98728
exploits,1446,QUBOMutualInformation,TabuSampler,13,"cuda:0,1",0,1.04,1.6063,2272.94,950.94,0.99844,0.99322,0.98366,0.9799,0.98745
exploits,1459,QUBOMutualInformation,TabuSampler,26,"cuda:0,1",0,1.04,1.4957,1972.94,1250.94,0.99844,0.99322,0.98366,0.9799,0.98745
exploits,1472,QUBOMutualInformation,TabuSampler,39,"cuda:0,1",0,1.04,1.5978,1984.94,950.94,0.99844,0.99322,0.98366,0.9799,0.98745
exploits,1497,QUBOSVCBoosting,SimulatedAnnealing,13,"cuda:0,1",0,1.0,1.3978,1734.94,896.94,0.99635,0.97503,0.96128,0.9713,0.95146
exploits,1510,QUBOSVCBoosting,SimulatedAnnealing,26,"cuda:0,1",0,0.88,1.385,1786.94,906.94,0.99662,0.98574,0.96484,0.95612,0.97372
exploits,1523,QUBOSVCBoosting,SimulatedAnnealing,39,"cuda:0,1",0,0.96,1.4153,1838.94,918.94,0.99819,0.99142,0.98106,0.9782,0.98393
exploits,1548,QUBOSVCBoosting,SteepestDescent,13,"cuda:0,1",0,0.79,0.6799,1512.94,648.94,0.99109,0.94373,0.90501,0.91907,0.89138
exploits,1561,QUBOSVCBoosting,SteepestDescent,26,"cuda:0,1",0,0.89,1.2626,1646.94,756.94,0.99129,0.96379,0.91075,0.88919,0.93339
exploits,1574,QUBOSVCBoosting,SteepestDescent,39,"cuda:0,1",0,0.99,1.4072,1858.94,918.94,0.9974,0.98512,0.97269,0.97383,0.97155
exploits,1599,QUBOSVCBoosting,TabuSampler,13,"cuda:0,1",0,0.85,1.3837,1774.94,900.94,0.99497,0.97931,0.94797,0.93433,0.96201
exploits,1612,QUBOSVCBoosting,TabuSampler,26,"cuda:0,1",0,0.96,1.4283,1856.94,922.94,0.99704,0.98573,0.96909,0.96499,0.97322
exploits,1625,QUBOSVCBoosting,TabuSampler,39,"cuda:0,1",0,1.06,1.584,2316.94,932.94,0.99801,0.99061,0.97915,0.97589,0.98243
generic,2505,QUBOCorrelation,SimulatedAnnealing,13,"cuda:0,1",0,1.91,1.3966,2156.94,966.94,0.9994,0.99682,0.99671,0.99976,0.99367
generic,2518,QUBOCorrelation,SimulatedAnnealing,26,"cuda:0,1",0,2.47,1.4796,2548.94,1338.94,0.99963,0.99811,0.99794,0.99961,0.99627
generic,2531,QUBOCorrelation,SimulatedAnnealing,39,"cuda:0,1",0,2.63,1.548,2776.94,1396.94,0.99955,0.99775,0.99753,0.99952,0.99555
generic,2557,QUBOCorrelation,SteepestDescent,13,"cuda:0,1",0,1.87,1.775,2138.94,968.94,0.99923,0.99583,0.99573,0.99982,0.99167
generic,2570,QUBOCorrelation,SteepestDescent,26,"cuda:0,1",0,2.35,1.4311,2462.94,1036.94,0.99961,0.99807,0.99788,0.99958,0.99618
generic,2583,QUBOCorrelation,SteepestDescent,39,"cuda:0,1",0,2.66,1.5685,3008.94,1098.94,0.99963,0.99809,0.99795,0.9997,0.99621
generic,2609,QUBOCorrelation,TabuSampler,13,"cuda:0,1",0,2.4,1.5235,2830.94,1042.94,0.99943,0.99707,0.99687,0.99958,0.99418
generic,2622,QUBOCorrelation,TabuSampler,26,"cuda:0,1",0,2.4,1.5553,3016.94,1444.94,0.99938,0.99756,0.99659,0.99784,0.99534
generic,2635,QUBOCorrelation,TabuSampler,39,"cuda:0,1",0,2.46,1.5734,3456.94,1152.94,0.99974,0.99874,0.99858,0.99964,0.99752
generic,2661,QUBOMutualInformation,SimulatedAnnealing,13,"cuda:0,1",0,1.99,1.4497,2678.94,982.94,0.99976,0.99895,0.99866,0.99934,0.99797
generic,2674,QUBOMutualInformation,SimulatedAnnealing,26,"cuda:0,1",0,2.31,1.4726,3048.94,1046.94,0.99974,0.99895,0.9986,0.99922,0.99797
generic,2687,QUBOMutualInformation,SimulatedAnnealing,39,"cuda:0,1",0,2.4,1.9738,3276.94,1112.94,0.99972,0.99876,0.99848,0.99937,0.99758
generic,2713,QUBOMutualInformation,SteepestDescent,13,"cuda:0,1",0,2.01,1.5546,2354.94,994.94,0.99976,0.99895,0.99866,0.99934,0.99797
generic,2726,QUBOMutualInformation,SteepestDescent,26,"cuda:0,1",0,2.27,1.5694,2978.94,1046.94,0.99974,0.99886,0.99855,0.99931,0.99779
generic,2739,QUBOMutualInformation,SteepestDescent,39,"cuda:0,1",0,2.39,1.5663,3000.94,1144.94,0.99973,0.99877,0.99854,0.99949,0.99758
generic,2765,QUBOMutualInformation,TabuSampler,13,"cuda:0,1",0,2.44,1.495,3186.94,1162.94,0.99973,0.99867,0.99851,0.99964,0.99737
generic,2778,QUBOMutualInformation,TabuSampler,26,"cuda:0,1",0,2.4,1.5021,3186.94,1462.94,0.99973,0.99867,0.99851,0.99964,0.99737
generic,2791,QUBOMutualInformation,TabuSampler,39,"cuda:0,1",0,2.46,1.4855,3224.94,1462.94,0.99973,0.99867,0.99851,0.99964,0.99737
generic,2817,QUBOSVCBoosting,SimulatedAnnealing,13,"cuda:0,1",0,1.61,1.3788,2174.94,942.94,0.99772,0.9955,0.98755,0.98239,0.99277
generic,2830,QUBOSVCBoosting,SimulatedAnnealing,26,"cuda:0,1",0,1.87,1.4086,2368.94,982.94,0.99871,0.99784,0.99292,0.9891,0.99677
generic,2843,QUBOSVCBoosting,SimulatedAnnealing,39,"cuda:0,1",0,2.5,1.5539,2836.94,1028.94,0.99958,0.99835,0.9977,0.99856,0.99683
generic,2869,QUBOSVCBoosting,SteepestDescent,13,"cuda:0,1",0,1.97,1.5331,2154.94,1242.94,0.99792,0.99654,0.98863,0.98248,0.99486
generic,2882,QUBOSVCBoosting,SteepestDescent,26,"cuda:0,1",0,2.17,1.4205,2432.94,982.94,0.99927,0.99622,0.99595,0.99943,0.9925
generic,2895,QUBOSVCBoosting,SteepestDescent,39,"cuda:0,1",0,2.64,1.5357,2658.94,1328.94,0.99939,0.99811,0.99664,0.99674,0.99654
generic,2921,QUBOSVCBoosting,TabuSampler,13,"cuda:0,1",0,1.79,0.795,2136.94,746.94,0.99726,0.99283,0.98494,0.98247,0.98743
generic,2934,QUBOSVCBoosting,TabuSampler,26,"cuda:0,1",0,2.37,1.462,2628.94,1022.94,0.99891,0.99749,0.99401,0.99226,0.99576
generic,2947,QUBOSVCBoosting,TabuSampler,39,"cuda:0,1",0,2.66,1.5659,3210.94,1416.94,0.99971,0.99866,0.9984,0.99943,0.99737
reconnaissance,2971,QUBOCorrelation,SimulatedAnnealing,11,"cuda:0,1",0,0.6,1.5148,2340.94,886.94,0.99513,0.98953,0.95061,0.92,0.98333
reconnaissance,2982,QUBOCorrelation,SimulatedAnnealing,22,"cuda:0,1",0,0.59,1.3815,2362.94,892.94,0.99693,0.99351,0.96842,0.94799,0.98974
reconnaissance,2993,QUBOCorrelation,SimulatedAnnealing,33,"cuda:0,1",0,0.58,1.5245,2036.94,900.94,0.99725,0.99267,0.97161,0.95613,0.9876
reconnaissance,3015,QUBOCorrelation,SteepestDescent,11,"cuda:0,1",0,0.57,1.3983,1968.94,886.94,0.99513,0.98953,0.95061,0.92,0.98333
reconnaissance,3026,QUBOCorrelation,SteepestDescent,22,"cuda:0,1",0,0.57,1.3821,1984.94,892.94,0.99717,0.99242,0.97078,0.95492,0.98717
reconnaissance,3037,QUBOCorrelation,SteepestDescent,33,"cuda:0,1",0,0.59,1.3637,2002.94,898.94,0.99725,0.99267,0.97161,0.95613,0.9876
reconnaissance,3059,QUBOCorrelation,TabuSampler,11,"cuda:0,1",0,0.61,1.4923,2016.94,894.94,0.99727,0.99227,0.97179,0.95728,0.98675
reconnaissance,3070,QUBOCorrelation,TabuSampler,22,"cuda:0,1",0,0.62,1.4974,2042.94,902.94,0.99725,0.99409,0.97169,0.9535,0.99059
reconnaissance,3081,QUBOCorrelation,TabuSampler,33,"cuda:0,1",0,0.65,1.5061,2062.94,902.94,0.99935,0.99681,0.99317,0.99232,0.99401
reconnaissance,3103,QUBOMutualInformation,SimulatedAnnealing,11,"cuda:0,1",0,0.56,1.5155,2022.94,890.94,0.99904,0.99564,0.98997,0.98807,0.99188
reconnaissance,3114,QUBOMutualInformation,SimulatedAnnealing,22,"cuda:0,1",0,0.62,1.8328,2032.94,896.94,0.99929,0.99597,0.99252,0.99273,0.9923
reconnaissance,3125,QUBOMutualInformation,SimulatedAnnealing,33,"cuda:0,1",0,0.65,1.5044,2004.94,898.94,0.99937,0.99683,0.99338,0.99274,0.99401
reconnaissance,3147,QUBOMutualInformation,SteepestDescent,11,"cuda:0,1",0,0.6,1.5344,1972.94,890.94,0.99904,0.99564,0.98997,0.98807,0.99188
reconnaissance,3158,QUBOMutualInformation,SteepestDescent,22,"cuda:0,1",0,0.6,1.3925,2014.94,894.94,0.99929,0.99597,0.99252,0.99273,0.9923
reconnaissance,3169,QUBOMutualInformation,SteepestDescent,33,"cuda:0,1",0,0.63,1.5099,2004.94,1198.94,0.99931,0.99679,0.99274,0.99147,0.99401
reconnaissance,3191,QUBOMutualInformation,TabuSampler,11,"cuda:0,1",0,0.64,1.5169,2330.94,902.94,0.99935,0.99681,0.99317,0.99232,0.99401
reconnaissance,3202,QUBOMutualInformation,TabuSampler,22,"cuda:0,1",0,0.6,1.5004,2016.94,908.94,0.99935,0.99681,0.99317,0.99232,0.99401
reconnaissance,3213,QUBOMutualInformation,TabuSampler,33,"cuda:0,1",0,0.65,1.4326,2068.94,1202.94,0.99935,0.99681,0.99317,0.99232,0.99401
reconnaissance,3235,QUBOSVCBoosting,SimulatedAnnealing,11,"cuda:0,1",0,0.55,0.718,1822.94,660.94,0.99169,0.99401,0.91953,0.85353,0.99658
reconnaissance,3246,QUBOSVCBoosting,SimulatedAnnealing,22,"cuda:0,1",0,0.58,1.3885,2052.94,890.94,0.9907,0.99288,0.91062,0.83922,0.9953
reconnaissance,3257,QUBOSVCBoosting,SimulatedAnnealing,33,"cuda:0,1",0,0.6,1.7953,2058.94,892.94,0.99906,0.99565,0.99018,0.9885,0.99188
reconnaissance,3279,QUBOSVCBoosting,SteepestDescent,11,"cuda:0,1",0,0.55,0.6313,1792.94,630.94,0.98683,0.99166,0.87818,0.78466,0.99701
reconnaissance,3290,QUBOSVCBoosting,SteepestDescent,22,"cuda:0,1",0,0.58,0.7311,1798.94,636.94,0.98852,0.99214,0.89204,0.80763,0.99615
reconnaissance,3301,QUBOSVCBoosting,SteepestDescent,33,"cuda:0,1",0,0.6,1.3829,2054.94,892.94,0.99684,0.98656,0.96714,0.95921,0.9752
reconnaissance,3323,QUBOSVCBoosting,TabuSampler,11,"cuda:0,1",0,0.54,1.4942,2048.94,888.94,0.99528,0.98148,0.95118,0.93659,0.96622
reconnaissance,3334,QUBOSVCBoosting,TabuSampler,22,"cuda:0,1",0,0.62,1.3808,2054.94,892.94,0.99625,0.99255,0.96173,0.93641,0.98846
reconnaissance,3345,QUBOSVCBoosting,TabuSampler,33,"cuda:0,1",0,0.62,1.5098,2058.94,896.94,0.99912,0.99568,0.99082,0.98976,0.99188
analysis,9,QUBOCorrelation,SimulatedAnnealing,10,"cuda:0,1",0,0.39,0.6167,1786.94,624.94,0.99864,0.99815,0.98585,0.97436,0.99761
analysis,20,QUBOCorrelation,SimulatedAnnealing,21,"cuda:0,1",0,0.41,1.3937,2044.94,882.94,0.99875,0.99934,0.98704,0.97442,1.0
analysis,30,QUBOCorrelation,SimulatedAnnealing,31,"cuda:0,1",0,0.47,1.3837,2044.94,882.94,0.99875,0.99934,0.98704,0.97442,1.0
analysis,50,QUBOCorrelation,SteepestDescent,10,"cuda:0,1",0,0.39,0.5106,1786.94,624.94,0.99864,0.99815,0.98585,0.97436,0.99761
analysis,61,QUBOCorrelation,SteepestDescent,21,"cuda:0,1",0,0.47,1.3675,2044.94,882.94,0.99875,0.99934,0.98704,0.97442,1.0
analysis,71,QUBOCorrelation,SteepestDescent,31,"cuda:0,1",0,0.44,1.3061,2044.94,882.94,0.99875,0.99934,0.98704,0.97442,1.0
analysis,91,QUBOCorrelation,TabuSampler,10,"cuda:0,1",0,0.44,1.3935,2044.94,882.94,0.99875,0.99934,0.98704,0.97442,1.0
analysis,102,QUBOCorrelation,TabuSampler,21,"cuda:0,1",0,0.46,1.518,2046.94,882.94,0.99864,0.99815,0.98585,0.97436,0.99761
analysis,112,QUBOCorrelation,TabuSampler,31,"cuda:0,1",0,0.46,1.5089,2046.94,1182.94,0.99875,0.99934,0.98704,0.97442,1.0
analysis,132,QUBOMutualInformation,SimulatedAnnealing,10,"cuda:0,1",0,0.43,1.5066,2042.94,880.94,0.99875,0.99934,0.98704,0.97442,1.0
analysis,143,QUBOMutualInformation,SimulatedAnnealing,21,"cuda:0,1",0,0.41,1.3942,2044.94,882.94,0.99875,0.99934,0.98704,0.97442,1.0
analysis,153,QUBOMutualInformation,SimulatedAnnealing,31,"cuda:0,1",0,0.47,1.513,2046.94,882.94,0.99875,0.99934,0.98704,0.97442,1.0
analysis,173,QUBOMutualInformation,SteepestDescent,10,"cuda:0,1",0,0.41,1.9943,2042.94,880.94,0.99875,0.99934,0.98704,0.97442,1.0
analysis,184,QUBOMutualInformation,SteepestDescent,21,"cuda:0,1",0,0.45,1.3857,2044.94,882.94,0.99875,0.99934,0.98704,0.97442,1.0
analysis,194,QUBOMutualInformation,SteepestDescent,31,"cuda:0,1",0,0.46,1.395,2044.94,882.94,0.99875,0.99934,0.98704,0.97442,1.0
analysis,214,QUBOMutualInformation,TabuSampler,10,"cuda:0,1",0,0.46,1.5316,2046.94,882.94,0.99875,0.99934,0.98704,0.97442,1.0
analysis,225,QUBOMutualInformation,TabuSampler,21,"cuda:0,1",0,0.45,1.5052,2044.94,882.94,0.99875,0.99934,0.98704,0.97442,1.0
analysis,235,QUBOMutualInformation,TabuSampler,31,"cuda:0,1",0,0.46,1.2942,2046.94,882.94,0.99875,0.99934,0.98704,0.97442,1.0
analysis,255,QUBOSVCBoosting,SimulatedAnnealing,10,"cuda:0,1",0,0.44,1.37,2042.94,880.94,0.99852,0.99696,0.98465,0.9743,0.99523
analysis,266,QUBOSVCBoosting,SimulatedAnnealing,21,"cuda:0,1",0,0.43,1.4838,2042.94,880.94,0.99875,0.99934,0.98704,0.97442,1.0
analysis,276,QUBOSVCBoosting,SimulatedAnnealing,31,"cuda:0,1",0,0.42,1.3673,2046.94,882.94,0.99875,0.99934,0.98704,0.97442,1.0
analysis,296,QUBOSVCBoosting,SteepestDescent,10,"cuda:0,1",0,0.42,0.5218,1786.94,622.94,0.99875,0.99934,0.98704,0.97442,1.0
analysis,307,QUBOSVCBoosting,SteepestDescent,21,"cuda:0,1",0,0.46,1.0477,1788.94,624.94,0.99886,0.9994,0.98821,0.97669,1.0
analysis,317,QUBOSVCBoosting,SteepestDescent,31,"cuda:0,1",0,0.44,1.3899,2046.94,882.94,0.99875,0.99934,0.98704,0.97442,1.0
analysis,337,QUBOSVCBoosting,TabuSampler,10,"cuda:0,1",0,0.42,0.612,1786.94,622.94,0.99432,0.99588,0.94357,0.89507,0.99761
analysis,348,QUBOSVCBoosting,TabuSampler,21,"cuda:0,1",0,0.41,1.384,2046.94,882.94,0.99875,0.99934,0.98704,0.97442,1.0
analysis,358,QUBOSVCBoosting,TabuSampler,31,"cuda:0,1",0,0.42,1.5227,2046.94,882.94,0.99875,0.99934,0.98704,0.97442,1.0
shellcode,3366,QUBOCorrelation,SimulatedAnnealing,10,"cuda:0,1",0,0.43,0.6553,1786.94,622.94,0.99669,0.99826,0.96639,0.93496,1.0
shellcode,3376,QUBOCorrelation,SimulatedAnnealing,20,"cuda:0,1",0,0.39,1.377,2044.94,880.94,0.99752,0.9987,0.97458,0.95041,1.0
shellcode,3386,QUBOCorrelation,SimulatedAnnealing,30,"cuda:0,1",0,0.41,1.5218,2046.94,880.94,0.99648,0.99815,0.96436,0.93117,1.0
shellcode,3405,QUBOCorrelation,SteepestDescent,10,"cuda:0,1",0,0.39,0.8327,1794.94,656.94,0.99772,0.99881,0.97665,0.95436,1.0
shellcode,3415,QUBOCorrelation,SteepestDescent,20,"cuda:0,1",0,0.4,1.3762,2044.94,880.94,0.99648,0.99815,0.96436,0.93117,1.0
shellcode,3425,QUBOCorrelation,SteepestDescent,30,"cuda:0,1",0,0.42,1.3899,2044.94,880.94,0.99648,0.99815,0.96436,0.93117,1.0
shellcode,3444,QUBOCorrelation,TabuSampler,10,"cuda:0,1",0,0.44,1.3843,2044.94,880.94,0.99648,0.99815,0.96436,0.93117,1.0
shellcode,3454,QUBOCorrelation,TabuSampler,20,"cuda:0,1",0,0.45,1.3958,2044.94,880.94,0.99648,0.97957,0.96296,0.96507,0.96087
shellcode,3464,QUBOCorrelation,TabuSampler,30,"cuda:0,1",0,0.4,1.5266,2046.94,882.94,0.99876,0.99728,0.98707,0.97863,0.99565
shellcode,3483,QUBOMutualInformation,SimulatedAnnealing,10,"cuda:0,1",0,0.38,0.8405,1820.94,656.94,0.99897,0.99946,0.98925,0.97872,1.0
shellcode,3493,QUBOMutualInformation,SimulatedAnnealing,20,"cuda:0,1",0,0.41,0.9403,1894.94,730.94,0.99731,0.98413,0.97168,0.9738,0.96957
shellcode,3503,QUBOMutualInformation,SimulatedAnnealing,30,"cuda:0,1",0,0.39,1.386,2044.94,880.94,0.99876,0.99728,0.98707,0.97863,0.99565
shellcode,3522,QUBOMutualInformation,SteepestDescent,10,"cuda:0,1",0,0.41,0.7191,1820.94,656.94,0.99897,0.99946,0.98925,0.97872,1.0
shellcode,3532,QUBOMutualInformation,SteepestDescent,20,"cuda:0,1",0,0.4,0.9428,1894.94,730.94,0.99731,0.98413,0.97168,0.9738,0.96957
shellcode,3542,QUBOMutualInformation,SteepestDescent,30,"cuda:0,1",0,0.42,0.7226,1820.94,656.94,0.99876,0.99728,0.98707,0.97863,0.99565
shellcode,3561,QUBOMutualInformation,TabuSampler,10,"cuda:0,1",0,0.43,1.5267,2046.94,882.94,0.99876,0.99728,0.98707,0.97863,0.99565
shellcode,3571,QUBOMutualInformation,TabuSampler,20,"cuda:0,1",0,0.38,2.0645,2046.94,882.94,0.99876,0.99728,0.98707,0.97863,0.99565
shellcode,3581,QUBOMutualInformation,TabuSampler,30,"cuda:0,1",0,0.42,1.4158,2046.94,882.94,0.99876,0.99728,0.98707,0.97863,0.99565
shellcode,3600,QUBOSVCBoosting,SimulatedAnnealing,10,"cuda:0,1",0,0.43,0.7053,1820.94,656.94,0.98966,0.99457,0.90196,0.82143,1.0
shellcode,3610,QUBOSVCBoosting,SimulatedAnnealing,20,"cuda:0,1",0,0.43,1.0461,1894.94,730.94,0.99214,0.99587,0.92369,0.85821,1.0
shellcode,3620,QUBOSVCBoosting,SimulatedAnnealing,30,"cuda:0,1",0,0.44,0.7145,1820.94,656.94,0.99566,0.97707,0.95445,0.95238,0.95652
shellcode,3639,QUBOSVCBoosting,SteepestDescent,10,"cuda:0,1",0,0.38,0.5193,1786.94,622.94,0.988,0.9937,0.88803,0.79861,1.0
shellcode,3649,QUBOSVCBoosting,SteepestDescent,20,"cuda:0,1",0,0.42,1.5079,2044.94,880.94,0.99276,0.97555,0.92632,0.89796,0.95652
shellcode,3659,QUBOSVCBoosting,SteepestDescent,30,"cuda:0,1",0,0.43,1.3845,2044.94,880.94,0.99607,0.98761,0.95949,0.94142,0.97826
shellcode,3678,QUBOSVCBoosting,TabuSampler,10,"cuda:0,1",0,0.43,0.5269,1786.94,622.94,0.99049,0.99501,0.90909,0.83333,1.0
shellcode,3688,QUBOSVCBoosting,TabuSampler,20,"cuda:0,1",0,0.39,0.8442,1820.94,656.94,0.99793,0.99891,0.97872,0.95833,1.0
shellcode,3698,QUBOSVCBoosting,TabuSampler,30,"cuda:0,1",0,0.39,1.504,2044.94,880.94,0.99855,0.99717,0.98495,0.97447,0.99565
backdoor,378,QUBOCorrelation,SimulatedAnnealing,10,"cuda:0,1",0,0.39,1.0802,1786.94,622.94,0.99597,0.97776,0.95763,0.95763,0.95763
backdoor,389,QUBOCorrelation,SimulatedAnnealing,21,"cuda:0,1",0,0.48,1.396,2044.94,882.94,0.99852,0.9952,0.98457,0.97772,0.99153
backdoor,400,QUBOCorrelation,SimulatedAnnealing,32,"cuda:0,1",0,0.45,1.5243,2046.94,882.94,0.99893,0.99541,0.98873,0.98596,0.99153
backdoor,420,QUBOCorrelation,SteepestDescent,10,"cuda:0,1",0,0.42,0.629,1786.94,622.94,0.99597,0.97776,0.95763,0.95763,0.95763
backdoor,431,QUBOCorrelation,SteepestDescent,21,"cuda:0,1",0,0.44,1.5181,2044.94,880.94,0.99852,0.9952,0.98457,0.97772,0.99153
backdoor,442,QUBOCorrelation,SteepestDescent,32,"cuda:0,1",0,0.42,1.4124,2046.94,882.94,0.99893,0.99541,0.98873,0.98596,0.99153
backdoor,462,QUBOCorrelation,TabuSampler,10,"cuda:0,1",0,0.46,1.5222,2046.94,882.94,0.99919,0.99555,0.99153,0.99153,0.99153
backdoor,473,QUBOCorrelation,TabuSampler,21,"cuda:0,1",0,0.45,1.3912,2048.94,882.94,0.99933,0.99696,0.99295,0.99155,0.99435
backdoor,484,QUBOCorrelation,TabuSampler,32,"cuda:0,1",0,0.48,1.0514,1898.94,732.94,0.99946,0.99838,0.99437,0.99157,0.99718
backdoor,504,QUBOMutualInformation,SimulatedAnnealing,10,"cuda:0,1",0,0.41,1.5139,2046.94,880.94,0.99879,0.98997,0.9872,0.99427,0.98023
backdoor,515,QUBOMutualInformation,SimulatedAnnealing,21,"cuda:0,1",0,0.45,1.5189,2048.94,882.94,0.99933,0.99831,0.99297,0.9888,0.99718
backdoor,526,QUBOMutualInformation,SimulatedAnnealing,32,"cuda:0,1",0,0.45,1.4191,2048.94,882.94,0.99919,0.99689,0.99155,0.98876,0.99435
backdoor,546,QUBOMutualInformation,SteepestDescent,10,"cuda:0,1",0,1.02,1.5142,2046.94,880.94,0.99879,0.98997,0.9872,0.99427,0.98023
backdoor,557,QUBOMutualInformation,SteepestDescent,21,"cuda:0,1",0,0.43,1.4029,2048.94,882.94,0.99933,0.99831,0.99297,0.9888,0.99718
backdoor,568,QUBOMutualInformation,SteepestDescent,32,"cuda:0,1",0,0.43,1.4136,2048.94,882.94,0.99946,0.99838,0.99437,0.99157,0.99718
backdoor,588,QUBOMutualInformation,TabuSampler,10,"cuda:0,1",0,0.42,1.5058,2048.94,884.94,0.99946,0.99703,0.99435,0.99435,0.99435
backdoor,599,QUBOMutualInformation,TabuSampler,21,"cuda:0,1",0,0.45,1.5258,2050.94,1182.94,0.99946,0.99703,0.99435,0.99435,0.99435
backdoor,610,QUBOMutualInformation,TabuSampler,32,"cuda:0,1",0,0.43,1.5291,2048.94,1182.94,0.99946,0.99703,0.99435,0.99435,0.99435
backdoor,630,QUBOSVCBoosting,SimulatedAnnealing,10,"cuda:0,1",0,0.44,0.5414,1788.94,622.94,0.99463,0.95826,0.94203,0.96726,0.91808
backdoor,641,QUBOSVCBoosting,SimulatedAnnealing,21,"cuda:0,1",0,0.44,0.9158,1896.94,730.94,0.99597,0.97239,0.95714,0.96821,0.94633
backdoor,652,QUBOSVCBoosting,SimulatedAnnealing,32,"cuda:0,1",0,0.43,1.3898,2048.94,880.94,0.99893,0.99541,0.98873,0.98596,0.99153
backdoor,672,QUBOSVCBoosting,SteepestDescent,10,"cuda:0,1",0,0.43,0.603,1788.94,622.94,0.99409,0.94993,0.93548,0.97256,0.90113
backdoor,683,QUBOSVCBoosting,SteepestDescent,21,"cuda:0,1",0,0.37,0.5517,1790.94,624.94,0.99395,0.93778,0.93233,0.99678,0.87571
backdoor,694,QUBOSVCBoosting,SteepestDescent,32,"cuda:0,1",0,0.42,1.9869,2046.94,880.94,0.99852,0.99251,0.98449,0.9831,0.98588
backdoor,714,QUBOSVCBoosting,TabuSampler,10,"cuda:0,1",0,0.4,0.6752,1788.94,622.94,0.99597,0.98715,0.95845,0.94022,0.9774
backdoor,725,QUBOSVCBoosting,TabuSampler,21,"cuda:0,1",0,0.42,1.4116,2046.94,880.94,0.99893,0.99407,0.9887,0.9887,0.9887
backdoor,736,QUBOSVCBoosting,TabuSampler,32,"cuda:0,1",0,0.42,1.4046,2048.94,882.94,0.99933,0.99562,0.99293,0.99433,0.99153
